<?xml version="1.0" encoding="UTF-8"?>
<!--<LightningMessageChannel xmlns="http://soap.sforce.com/2006/04/metadata">
    <masterLabel>MyMessageChannel</masterLabel>
    <isExposed>true</isExposed>
    <description>This Lightning Message Channel sends information from VF to LWC</description>
 
    <lightningMessageFields>
        <fieldName>messageToSend</fieldName>
        <description>message To Send</description>
    </lightningMessageFields>
 
    <lightningMessageFields>
        <fieldName>sourceSystem</fieldName>
        <description>My source?</description>
    </lightningMessageFields>
 
 </LightningMessageChannel>-->
 <LightningMessageChannel xmlns="http://soap.sforce.com/2006/04/metadata">
    <description>This is for demonstration</description>
    <isExposed>true</isExposed>
    <masterLabel>POVMessageChannel</masterLabel>
</LightningMessageChannel>